<?xml version="1.0" encoding="UTF-8"?>
<Defs>
	<CombatExtended.AmmoCategoryDef>
		<defName>Thermal</defName>
		<label>Thermal</label>
		<description>The thermal charged particle coating blasts against armor and spreads doing more damage to unarmored enemies compared to armored and coats the target in prometheum.</description>
	</CombatExtended.AmmoCategoryDef>
	<CombatExtended.AmmoCategoryDef>
		<defName>ThermalAP</defName>
		<label>super heated thermal</label>
		<labelShort>SH</labelShort>
		<description>Super heated thermal charged particle that melts through armor at a devastating rate at the cost of it spreading to multiple limbs and melting more tissue.</description>
	</CombatExtended.AmmoCategoryDef>
	<!-- ==================== Thermal Bolts ==================== -->
	<ThingCategoryDef>
		<defName>AmmoThermalBolts</defName>
		<label>Thermal Bolts</label>
		<parent>AmmoAdvanced</parent>
		<iconPath>UI/Icons/ThingCategories/CaliberPlasmaMedium</iconPath>
	</ThingCategoryDef>
	<!-- ==================== AmmoSet ==================== -->
	<CombatExtended.AmmoSetDef>
		<defName>AmmoSet_ThermalBolts</defName>
		<label>Thermal Bolts</label>
		<ammoTypes>
			<Ammo_ThermalBolts>Bullet_ThermalBolt</Ammo_ThermalBolts>
			<Ammo_ThermalBolts_AP>Bullet_ThermalBolt_AP</Ammo_ThermalBolts_AP>
		</ammoTypes>
		<similarTo>AmmoSet_ChargedPistol</similarTo>
	</CombatExtended.AmmoSetDef>
	<!-- ==================== Ammo ==================== -->
	<ThingDef Class="CombatExtended.AmmoDef" Name="ThermalBoltsBase" ParentName="SpacerSmallAmmoBase" Abstract="True">
		<description>Thermal bolt ammo used by weapons of Straeax Empire.</description>
		<statBases>
			<Mass>0.027</Mass>
			<Bulk>0.02</Bulk>
		</statBases>
		<tradeTags>
			<li>CE_AutoEnableTrade</li>
			<li>CE_AutoEnableCrafting_FabricationBench</li>
		</tradeTags>
		<thingCategories>
			<li>AmmoThermalBolts</li>
		</thingCategories>
		<stackLimit>5000</stackLimit>
	</ThingDef>
	<ThingDef Class="CombatExtended.AmmoDef" ParentName="ThermalBoltsBase">
		<defName>Ammo_ThermalBolts</defName>
		<label>Thermal Bolts</label>
		<graphicData>
			<texPath>Things/Ammo/PlasmaCell/Rifle</texPath>
			<graphicClass>CombatExtended.Graphic_StackCountRanged</graphicClass>
		</graphicData>
		<statBases>
			<MarketValue>1.2</MarketValue>
		</statBases>
		<ammoClass>Thermal</ammoClass>
	</ThingDef>
	<ThingDef Class="CombatExtended.AmmoDef" ParentName="ThermalBoltsBase">
		<defName>Ammo_ThermalBolts_AP</defName>
		<label>Thermal Bolts (SH)</label>
		<graphicData>
			<texPath>Things/Ammo/PlasmaCell/Rifle</texPath>
			<graphicClass>CombatExtended.Graphic_StackCountRanged</graphicClass>
		</graphicData>
		<statBases>
			<MarketValue>1.2</MarketValue>
		</statBases>
		<ammoClass>ThermalAP</ammoClass>
	</ThingDef>
	<!-- ==================== Projectiles ==================== -->
	<ThingDef Name="BaseThermalBoltBullet" ParentName="BaseBulletCE" Abstract="true">
		<graphicData>
			<texPath>Things/Projectile/Projectile_ThermalBolt</texPath>
			<graphicClass>Graphic_Single</graphicClass>
			<drawSize>(1.15,1.15)</drawSize>
		</graphicData>
		<projectile Class="CombatExtended.ProjectilePropertiesCE">
			<damageDef>Bullet</damageDef>
			<speed>175</speed>
		</projectile>
	</ThingDef>
	<ThingDef ParentName="BaseThermalBoltBullet">
		<defName>Bullet_ThermalBolt</defName>
		<label>Thermal Bolt</label>
		<projectile Class="CombatExtended.ProjectilePropertiesCE">
			<damageAmountBase>30</damageAmountBase>
			<secondaryDamage>
				<li>
					<def>PrometheumFlame</def>
					<amount>5</amount>
				</li>
			</secondaryDamage>
			<armorPenetrationSharp>38</armorPenetrationSharp>
			<armorPenetrationBlunt>63</armorPenetrationBlunt>
		</projectile>
	</ThingDef>
	<ThingDef ParentName="BaseThermalBoltBullet">
		<defName>Bullet_ThermalBolt_AP</defName>
		<label>Thermal Bolt (SH)</label>
		<projectile Class="CombatExtended.ProjectilePropertiesCE">
			<damageAmountBase>20</damageAmountBase>
			<secondaryDamage>
				<li>
					<def>PrometheumFlame</def>
					<amount>8</amount>
				</li>
			</secondaryDamage>
			<armorPenetrationSharp>127</armorPenetrationSharp>
			<armorPenetrationBlunt>76</armorPenetrationBlunt>
		</projectile>
	</ThingDef>
	<!-- ==================== Recipes ==================== -->
	<RecipeDef ParentName="ChargeAmmoRecipeBase">
		<defName>MakeAmmo_ThermalBolts</defName>
		<label>make Thermal Bolts cartridge x500</label>
		<description>Craft 500 Thermal Bolts cartridges.</description>
		<jobString>Making Thermal Bolts cartridges.</jobString>
		<ingredients>
			<li>
				<filter>
					<thingDefs>
						<li>Plasteel</li>
					</thingDefs>
				</filter>
				<count>18</count>
			</li>
			<li>
				<filter>
					<thingDefs>
						<li>Uranium</li>
					</thingDefs>
				</filter>
				<count>16</count>
			</li>
			<li>
				<filter>
					<thingDefs>
						<li>Prometheum</li>
					</thingDefs>
				</filter>
				<count>14</count>
			</li>
		</ingredients>
		<fixedIngredientFilter>
			<thingDefs>
				<li>Plasteel</li>
				<li>Uranium</li>
				<li>Prometheum</li>
			</thingDefs>
		</fixedIngredientFilter>
		<products>
			<Ammo_ThermalBolts>500</Ammo_ThermalBolts>
		</products>
		<workAmount>16000</workAmount>
	</RecipeDef>
	<RecipeDef ParentName="ChargeAmmoRecipeBase">
		<defName>MakeAmmo_ThermalBolts_AP</defName>
		<label>make Thermal Bolts (SH) cartridge x500</label>
		<description>Craft 500 Thermal Bolts (SH) cartridges.</description>
		<jobString>Making Thermal Bolts (SH) cartridges.</jobString>
		<ingredients>
			<li>
				<filter>
					<thingDefs>
						<li>Plasteel</li>
					</thingDefs>
				</filter>
				<count>18</count>
			</li>
			<li>
				<filter>
					<thingDefs>
						<li>Uranium</li>
					</thingDefs>
				</filter>
				<count>20</count>
			</li>
			<li>
				<filter>
					<thingDefs>
						<li>Prometheum</li>
					</thingDefs>
				</filter>
				<count>24</count>
			</li>
		</ingredients>
		<fixedIngredientFilter>
			<thingDefs>
				<li>Plasteel</li>
				<li>Uranium</li>
				<li>Prometheum</li>
			</thingDefs>
		</fixedIngredientFilter>
		<products>
			<Ammo_ThermalBolts_AP>500</Ammo_ThermalBolts_AP>
		</products>
		<workAmount>17000</workAmount>
	</RecipeDef>
	<!-- ==================== Slag Rounds ==================== -->
	<ThingCategoryDef>
		<defName>AmmoSlagRounds</defName>
		<label>Thermal Bolts</label>
		<parent>AmmoAdvanced</parent>
		<iconPath>UI/Icons/ThingCategories/CaliberPlasmaSmall</iconPath>
	</ThingCategoryDef>
	<!-- ==================== AmmoSet ==================== -->
	<CombatExtended.AmmoSetDef>
		<defName>AmmoSet_SlagRounds</defName>
		<label>Thermal Bolts</label>
		<ammoTypes>
			<Ammo_SlagRounds>Bullet_SlagRound</Ammo_SlagRounds>
			<Ammo_SlagRounds_AP>Bullet_SlagRound_AP</Ammo_SlagRounds_AP>
		</ammoTypes>
		<similarTo>AmmoSet_ChargedPistol</similarTo>
	</CombatExtended.AmmoSetDef>
	<!-- ==================== Ammo ==================== -->
	<ThingDef Class="CombatExtended.AmmoDef" Name="SlagRoundsBase" ParentName="SpacerAmmoBase" Abstract="True">
		<description>Melted metal meant to shred through targets skin and coat them in prometheum.</description>
		<statBases>
			<Mass>0.047</Mass>
			<Bulk>0.08</Bulk>
		</statBases>
		<tradeTags>
			<li>CE_AutoEnableTrade</li>
			<li>CE_AutoEnableCrafting_FabricationBench</li>
		</tradeTags>
		<thingCategories>
			<li>AmmoSlagRounds</li>
		</thingCategories>
	</ThingDef>
	<ThingDef Class="CombatExtended.AmmoDef" ParentName="SlagRoundsBase">
		<defName>Ammo_SlagRounds</defName>
		<label>Slag Rounds</label>
		<graphicData>
			<texPath>Things/Ammo/PlasmaCell/Pistol</texPath>
			<graphicClass>CombatExtended.Graphic_StackCountRanged</graphicClass>
		</graphicData>
		<statBases>
			<MarketValue>2.1</MarketValue>
		</statBases>
		<ammoClass>Thermal</ammoClass>
	</ThingDef>
	<ThingDef Class="CombatExtended.AmmoDef" ParentName="SlagRoundsBase">
		<defName>Ammo_SlagRounds_AP</defName>
		<label>Slag Rounds (SH Condensed)</label>
		<graphicData>
			<texPath>Things/Ammo/PlasmaCell/Pistol</texPath>
			<graphicClass>CombatExtended.Graphic_StackCountRanged</graphicClass>
		</graphicData>
		<statBases>
			<MarketValue>2.1</MarketValue>
		</statBases>
		<ammoClass>ThermalAP</ammoClass>
	</ThingDef>
	<!-- ==================== Projectiles ==================== -->
	<ThingDef Name="BaseSlagRoundBullet" ParentName="BaseBulletCE" Abstract="true">
		<graphicData>
			<texPath>Things/Projectile/Projectile_SlagRounds</texPath>
			<graphicClass>Graphic_Single</graphicClass>
		</graphicData>
		<projectile Class="CombatExtended.ProjectilePropertiesCE">
			<damageDef>Bullet</damageDef>
			<speed>125</speed>
		</projectile>
	</ThingDef>
	<ThingDef ParentName="BaseSlagRoundBullet">
		<defName>Bullet_SlagRound</defName>
		<label>Slag Round</label>
		<projectile Class="CombatExtended.ProjectilePropertiesCE">
			<damageAmountBase>18</damageAmountBase>
			<secondaryDamage>
				<li>
					<def>PrometheumFlame</def>
					<amount>1</amount>
				</li>
			</secondaryDamage>
			<armorPenetrationSharp>34</armorPenetrationSharp>
			<armorPenetrationBlunt>61</armorPenetrationBlunt>
			<pelletCount>16</pelletCount>
			<spreadMult>8.9</spreadMult>
		</projectile>
	</ThingDef>
	<ThingDef ParentName="BaseSlagRoundBullet">
		<defName>Bullet_SlagRound_AP</defName>
		<label>Slag Round (SH Condensed)</label>
		<projectile Class="CombatExtended.ProjectilePropertiesCE">
			<damageAmountBase>53</damageAmountBase>
			<secondaryDamage>
				<li>
					<def>PrometheumFlame</def>
					<amount>3</amount>
				</li>
			</secondaryDamage>
			<armorPenetrationSharp>108</armorPenetrationSharp>
			<armorPenetrationBlunt>62</armorPenetrationBlunt>
		</projectile>
	</ThingDef>
	<!-- ==================== Recipes ==================== -->
	<RecipeDef ParentName="ChargeAmmoRecipeBase">
		<defName>MakeAmmo_SlagRounds</defName>
		<label>make Slag Rounds cartridge x500</label>
		<description>Craft 500 Slag Rounds cartridges.</description>
		<jobString>Making Slag Rounds cartridges.</jobString>
		<ingredients>
			<li>
				<filter>
					<thingDefs>
						<li>Plasteel</li>
					</thingDefs>
				</filter>
				<count>10</count>
			</li>
			<li>
				<filter>
					<thingDefs>
						<li>Uranium</li>
					</thingDefs>
				</filter>
				<count>10</count>
			</li>
			<li>
				<filter>
					<thingDefs>
						<li>Prometheum</li>
					</thingDefs>
				</filter>
				<count>4</count>
			</li>
		</ingredients>
		<fixedIngredientFilter>
			<thingDefs>
				<li>Plasteel</li>
				<li>Uranium</li>
				<li>Prometheum</li>
			</thingDefs>
		</fixedIngredientFilter>
		<products>
			<Ammo_SlagRounds>500</Ammo_SlagRounds>
		</products>
		<workAmount>8000</workAmount>
	</RecipeDef>
	<RecipeDef ParentName="ChargeAmmoRecipeBase">
		<defName>MakeAmmo_SlagRounds_AP</defName>
		<label>make Slag Rounds (SH Condensed) cartridge x500</label>
		<description>Craft 500 Slag Rounds (SH Condensed) cartridges.</description>
		<jobString>Making Slag Rounds (SH Condensed) cartridges.</jobString>
		<ingredients>
			<li>
				<filter>
					<thingDefs>
						<li>Plasteel</li>
					</thingDefs>
				</filter>
				<count>12</count>
			</li>
			<li>
				<filter>
					<thingDefs>
						<li>Uranium</li>
					</thingDefs>
				</filter>
				<count>14</count>
			</li>
			<li>
				<filter>
					<thingDefs>
						<li>Prometheum</li>
					</thingDefs>
				</filter>
				<count>8</count>
			</li>
		</ingredients>
		<fixedIngredientFilter>
			<thingDefs>
				<li>Plasteel</li>
				<li>Uranium</li>
				<li>Prometheum</li>
			</thingDefs>
		</fixedIngredientFilter>
		<products>
			<Ammo_SlagRounds_AP>500</Ammo_SlagRounds_AP>
		</products>
		<workAmount>9500</workAmount>
	</RecipeDef>
	<!-- ==================== Magnetized Thermal Rounds ==================== -->
	<ThingCategoryDef>
		<defName>AmmoMagnetizedThermalRounds</defName>
		<label>Magnetized Thermal Rounds</label>
		<parent>AmmoAdvanced</parent>
		<iconPath>UI/Icons/ThingCategories/CaliberRailgunHighCaliber</iconPath>
	</ThingCategoryDef>
	<!-- ==================== AmmoSet ==================== -->
	<CombatExtended.AmmoSetDef>
		<defName>AmmoSet_MagnetizedThermalRounds</defName>
		<label>Magnetized Thermal Rounds</label>
		<ammoTypes>
			<Ammo_MagnetizedThermalRounds>Bullet_MagnetizedThermalRounds</Ammo_MagnetizedThermalRounds>
		</ammoTypes>
		<similarTo>AmmoSet_ChargedPistol</similarTo>
	</CombatExtended.AmmoSetDef>
	<!-- ==================== Ammo ==================== -->
	<ThingDef Class="CombatExtended.AmmoDef" Name="MagnetizedThermalRoundsBase" ParentName="SpacerSmallAmmoBase" Abstract="True">
		<description>Magnetized Thermal Round meant for the specialized Diatrypo railgun.</description>
		<statBases>
			<Mass>0.027</Mass>
			<Bulk>0.02</Bulk>
		</statBases>
		<tradeTags>
			<li>CE_AutoEnableTrade</li>
			<li>CE_AutoEnableCrafting_FabricationBench</li>
		</tradeTags>
		<thingCategories>
			<li>AmmoMagnetizedThermalRounds</li>
		</thingCategories>
		<stackLimit>5000</stackLimit>
	</ThingDef>
	<ThingDef Class="CombatExtended.AmmoDef" ParentName="MagnetizedThermalRoundsBase">
		<defName>Ammo_MagnetizedThermalRounds</defName>
		<label>Magnetized Thermal Rounds</label>
		<graphicData>
			<texPath>Things/Ammo/Railgun/HighCaliber</texPath>
			<graphicClass>CombatExtended.Graphic_StackCountRanged</graphicClass>
		</graphicData>
		<statBases>
			<MarketValue>2.4</MarketValue>
		</statBases>
		<ammoClass>Thermal</ammoClass>
	</ThingDef>
	<!-- ==================== Projectiles ==================== -->
	<ThingDef Name="BaseMagnetizedThermalRoundBullet" ParentName="BaseBulletCE" Abstract="true">
		<graphicData>
			<texPath>Things/Projectile/Projectile_MagnetizedThermalRounds</texPath>
			<graphicClass>Graphic_Single</graphicClass>
			<drawSize>(1.20,1.20)</drawSize>
		</graphicData>
		<projectile Class="CombatExtended.ProjectilePropertiesCE">
			<damageDef>Bullet</damageDef>
			<speed>446</speed>
		</projectile>
	</ThingDef>
	<ThingDef ParentName="BaseMagnetizedThermalRoundBullet">
		<defName>Bullet_MagnetizedThermalRounds</defName>
		<label>Magnetized Thermal Rounds</label>
		<projectile Class="CombatExtended.ProjectilePropertiesCE">
			<damageAmountBase>94</damageAmountBase>
			<secondaryDamage>
				<li>
					<def>PrometheumFlame</def>
					<amount>6</amount>
				</li>
			</secondaryDamage>
			<armorPenetrationSharp>1364</armorPenetrationSharp>
			<armorPenetrationBlunt>786</armorPenetrationBlunt>
		</projectile>
	</ThingDef>
	<!-- ==================== Recipes ==================== -->
	<RecipeDef ParentName="ChargeAmmoRecipeBase">
		<defName>MakeAmmo_MagnetizedThermalRounds</defName>
		<label>make Magnetized Thermal Rounds x20</label>
		<description>Craft 20 Magnetized Thermal Rounds.</description>
		<jobString>Making Magnetized Thermal Round Boxes.</jobString>
		<ingredients>
			<li>
				<filter>
					<thingDefs>
						<li>Plasteel</li>
					</thingDefs>
				</filter>
				<count>22</count>
			</li>
			<li>
				<filter>
					<thingDefs>
						<li>Uranium</li>
					</thingDefs>
				</filter>
				<count>26</count>
			</li>
			<li>
				<filter>
					<thingDefs>
						<li>Prometheum</li>
					</thingDefs>
				</filter>
				<count>10</count>
			</li>
		</ingredients>
		<fixedIngredientFilter>
			<thingDefs>
				<li>Plasteel</li>
				<li>Uranium</li>
				<li>Prometheum</li>
			</thingDefs>
		</fixedIngredientFilter>
		<products>
			<Ammo_MagnetizedThermalRounds>20</Ammo_MagnetizedThermalRounds>
		</products>
		<workAmount>16000</workAmount>
	</RecipeDef>
</Defs>